Modelo,R2,MAE,RMSE
Ridge,0.758790803895611,5.276764824675967,7.2443989292503455
HistGradientBoosting,0.42902424666451977,9.045954152435595,11.145877361028205
LightGBM,0.4129298438042164,9.273533459788736,11.301873157247975
XGBoost,0.37476131059807305,9.597666805995377,11.663485374409047
